{
    "item":[
    {
      "id":1,
      "category":"drinks",
      "name":"latte",
      "price":5
    },
    {
      "id":2,
      "category":"drinks",
      "name":"iced coffee",
      "price":3
    },
    {
      "id":6,
      "category":"snacks",
      "name":"pretzels",
      "price":2
    },
    {
      "id":6,
      "category":"snacks",
      "name":"pretzels",
      "price":2
    },
    {
      "id":11,
      "category":"foods",
      "name":"hambuger",
      "price":8
    },
    {
      "id":14,
      "category":"foods",
      "name":"hot dog",
      "price":4
    }
  ]
}
  