  {
    "products": [
      {
        "id": 1,
        "category": "combat",
        "name": "Soulstealer",
        "price": 2000.00
      },
      {
        "id": 2,
        "category": "combat",
        "name": "Dwarven Ram Shield",
        "price": 1000.00
      },
      {
        "id": 3,
        "category": "potion",
        "name": "Major Healing Potion",
        "price": 50.00
      },
      {
        "id": 4,
        "category": "potion",
        "name": "Dream Elixir",
        "price": 100.0
      },
      {
        "id": 5,
        "category": "utility",
        "name": "Skeleton Key",
        "price": 75.00
      },
      {
        "id": 6,
        "category": "utility",
        "name": "Soul Lantern",
        "price": 20.00
      },
      {
        "id": 7,
        "category": "combat",
        "name": "Gandolf's Staff",
        "price": 80.00
      },
      {
        "id": 8,
        "category": "potion",
        "name": "Minor Mana Potion",
        "price": 15.00
      },
      {
        "id": 9,
        "category": "utility",
        "name": "Invisible Cloak",
        "price": 25.00
      },
      {
        "id": 10,
        "category": "utility",
        "name": "The Mask",
        "price": 120.00
      }
    ]
  }